Time(ms),Frequency(kHz)
0,1200009
28,1200008
78,1200009
88,1200007
98,1200008
128,1200007
138,1200008
168,1200007
178,1200009
188,1200008
198,1200007
208,1200008
228,1200007
238,1200009
248,1200007
258,1200008
268,1200007
278,1200009
288,1200008
428,1200007
438,1200008
448,1200007
458,1200008
468,1200007
478,1200008
619,1200009
629,1200008
649,1200007
659,1200009
669,1200007
679,1200008
709,1200007
719,1200008
729,1200007
739,1200008
749,1200007
759,1200008
769,1200007
779,1200009
789,1200007
799,1200009
809,1200007
819,1200008
829,1200007
839,1200009
849,1200008
899,1200009
909,1200008
969,1200007
979,1200008
1019,1200007
1029,1200008
1049,1200007
1059,1200008
1109,1200009
1119,1200008
1129,1200007
1139,1200008
1229,1200007
1239,1200008
1249,1200007
1259,1200009
1269,1200008
1299,1200007
1309,1200008
1369,1200007
1379,1200008
1389,1200009
1399,1200008
1419,1200007
1429,1200009
1439,1200007
1449,1200008
1459,1200007
1469,1200008
1509,1200006
1519,1200010
1529,1200008
1569,1200007
1579,1200008
1589,1200007
1599,1200008
1649,1200007
1659,1200008
1689,1200007
1699,1200008
1749,1200007
1759,1200008
1769,1200009
1779,1200008
1789,1200007
1799,1200008
1859,1200007
1869,1200008
1909,1200007
1919,1200008
1929,1200009
1939,1200007
1959,1200009
1969,1200008
1999,1200007
2009,1200009
2019,1200008
2029,1200007
2039,1200008
2049,1200007
2059,1200008
2069,1200009
2079,1200008
2089,1200007
2099,1200009
2109,1200007
2119,1200008
2139,1200009
2149,1200007
2159,1200008
2179,1200007
2189,1200009
2199,1200008
2249,1200007
2259,1200009
2269,1200007
2279,1200008
2339,1200007
2349,1200008
2389,1200007
2399,1200008
2409,1200007
2419,1200008
2509,1200007
2519,1200008
2569,1200007
2579,1200008
2640,1200007
2650,1200009
2660,1200008
2690,1200007
2700,1200008
2740,1200007
2750,1200008
2770,1200009
2780,1200007
2790,1200008
2850,1200007
2860,1200009
2870,1200007
2880,1200008
2970,1200007
2990,1200008
3010,1200007
3020,1200008
3060,1200007
3080,1200008
3090,1200009
3100,1200008
3130,1200007
3140,1200008
3170,1200007
3180,1200008
3230,1200007
3240,1200008
3250,1200007
3260,1200008
3280,1200007
3290,1200008
3300,1200007
3310,1200009
3320,1200007
3330,1200008
3410,1200007
3420,1200008
3440,1200007
3450,1200008
3530,1200007
3540,1200008
3550,1200007
3560,1200008
3610,1200007
3620,1200009
3630,1200007
3640,1200008
3660,1200007
3670,1200008
3680,1200007
3690,1200008
3700,1200009
3710,1200008
3730,1200007
3740,1200008
3770,1200007
3780,1200008
3820,1200007
3830,1200008
3840,1200007
3850,1200008
3870,1200009
3880,1200007
3890,1200008
3900,1200007
3910,1200008
3950,1200007
3960,1200008
3980,1200007
3990,1200008
4120,1200007
4130,1200009
4140,1200008
4211,1200007
4231,1200009
4241,1200007
4251,1200008
4321,1200007
4331,1200009
4341,1200007
4351,1200008
4401,1200007
4411,1200008
4461,1200007
4471,1200009
4481,1200007
4491,1200008
4561,1200007
4571,1200008
4591,1200007
4601,1200008
4681,1200007
4691,1200008
4721,1200007
4731,1200009
4741,1200007
4751,1200008
4841,1200007
4851,1200008
4881,1200007
4891,1200009
4901,1200007
4911,1200009
4921,1200007
4931,1200009
4941,1200007
4951,1200009
4961,1200007
4971,1200008
5041,1200007
5051,1200008
5081,1200007
5091,1200008
5181,1200007
5191,1200008
5201,1200007
5211,1200008
5221,1200007
5231,1200008
5261,1200007
5271,1200008
5291,1200009
5301,1200008
5311,1200007
5321,1200008
5381,1200007
5391,1200008
5411,1200007
5421,1200008
5491,1200009
5501,1200007
5511,1200008
5531,1200007
5541,1200008
5561,1200007
5571,1200008
5651,1200007
5661,1200008
5691,1200007
5701,1200009
5711,1200007
5721,1200008
5801,1200007
5811,1200008
5821,1200009
5831,1200008
5841,1200007
5851,1200008
5861,1200007
5871,1200008
5901,1200007
5911,1200008
5931,1200007
5951,1200008
6031,1200007
6041,1200008
6061,1200007
6071,1200008
6081,1200007
6091,1200008
6191,1200007
6201,1200009
6211,1200008
6222,1200007
6232,1200008
6252,1200007
6262,1200008
6302,1200007
6312,1200008
6342,1200007
6352,1200008
6362,1200007
6372,1200008
6392,1200009
6402,1200007
6412,1200008
6442,1200007
6452,1200008
6472,1200009
6482,1200007
6492,1200008
6512,1200007
6522,1200008
6542,1200007
6552,1200009
6562,1200007
6572,1200008
6682,1200007
6692,1200009
6702,1200007
6712,1200008
6732,1200007
6742,1200008
6802,1200007
6812,1200009
6822,1200008
6832,1200007
6842,1200009
6852,1200008
6882,1200007
6892,1200008
6952,1200007
6962,1200008
7012,1200007
7022,1200008
7042,1200007
7052,1200008
7082,1200007
7092,1200009
7102,1200007
7112,1200008
7142,1200007
7152,1200008
7182,1200007
7192,1200008
7282,1200007
7292,1200009
7302,1200008
7312,1200007
7322,1200008
7362,1200007
7372,1200008
7432,1200007
7442,1200009
7452,1200008
7502,1200007
7512,1200008
7552,1200007
7562,1200008
7592,1200007
7602,1200009
7612,1200008
7652,1200007
7662,1200009
7672,1200008
7732,1200007
7742,1200008
7772,1200007
7782,1200008
7812,1200007
7822,1200008
7852,1200007
7862,1200009
7872,1200008
7993,1200007
8003,1200008
8073,1200007
8083,1200008
8133,1200007
8143,1200009
8153,1200008
8233,1200007
8243,1200008
8273,1200007
8283,1200008
8293,1200007
8303,1200008
8323,1200009
8333,1200007
8343,1200008
8373,1200007
8383,1200008
8423,1200007
8433,1200008
8473,1200007
8483,1200009
8493,1200008
8533,1200007
8543,1200009
8553,1200007
8563,1200008
8613,1200007
8623,1200008
8633,1200007
8643,1200008
8663,1200007
8673,1200008
8683,1200009
8693,1200008
8703,1200007
8713,1200008
8723,1200009
8733,1200008
8743,1200007
8763,1200008
8823,1200007
8833,1200008
8863,1200007
8873,1200008
8893,1200007
8903,1200008
8963,1200007
8973,1200009
8983,1200008
9013,1200007
9023,1200008
9043,1200009
9053,1200007
9063,1200008
9123,1200007
9133,1200008
9143,1200007
9153,1200008
9213,1200007
9223,1200008
9233,1200007
9243,1200008
9283,1200007
9293,1200008
9303,1200009
9313,1200008
9363,1200007
9373,1200008
9403,1200007
9413,1200008
9443,1200009
9453,1200007
9463,1200008
9733,1200007
9743,1200008
9753,1200007
9763,1200008
9833,1200007
9843,1200008
9863,1200007
9873,1200008
9893,1200007
9903,1200008
9913,1200009
9923,1200007
9934,1200009
9944,1200007
9954,1200008
9974,1200007
9984,1200008
10004,1200007
10014,1200008
10034,1200007
10044,1200009
10054,1200007
10064,1200009
10074,1200007
10084,1200009
10094,1200007
10104,1200008
10114,1200007
10124,1200008
10174,1200007
10184,1200008
10194,1200007
10204,1200008
10214,1200009
10224,1200007
10234,1200008
10264,1200007
10274,1200008
10284,1200007
10294,1200008
10304,1200007
10314,1200008
10344,1200007
10354,1200008
10384,1200007
10394,1200009
10404,1200007
10414,1200008
10424,1200009
10434,1200008
10514,1200007
10524,1200008
10544,1200007
10554,1200008
10584,1200009
10594,1200007
10604,1200008
10634,1200007
10644,1200008
10654,1200009
10664,1200008
10684,1200009
10694,1200008
10704,1200007
10714,1200008
10754,1200007
10764,1200008
10844,1200007
10864,1200008
10934,1200007
10944,1200008
10964,1200007
10974,1200008
10984,1200007
10994,1200009
11004,1200006
11014,1200010
11024,1200008
11054,1200007
11064,1200008
11124,1200009
11134,1200007
11144,1200008
11204,1200007
11214,1200009
11224,1200008
11254,1200007
11264,1200009
11274,1200008
11324,1200007
11334,1200009
11344,1200008
11404,1200007
11414,1200008
11424,1200007
11434,1200008
11464,1200007
11474,1200009
11484,1200008
11504,1200007
11514,1200008
11524,1200007
11534,1200009
11544,1200007
11554,1200008
11564,1200007
11574,1200008
11584,1200007
11594,1200009
11604,1200007
11614,1200008
11624,1200007
11634,1200009
11644,1200008
11765,1200007
11775,1200008
11805,1200007
11815,1200009
11825,1200007
11835,1200009
11845,1200008
11885,1200007
11895,1200009
11905,1200008
11975,1200007
11985,1200008
12045,1200007
12055,1200008
12085,1200007
12095,1200008
12105,1200007
12115,1200008
12175,1200007
12185,1200008
12215,1200007
12225,1200008
12255,1200009
12265,1200007
12275,1200008
12305,1200007
12315,1200008
12355,1200009
12365,1200007
12375,1200008
12405,1200007
12415,1200008
12425,1200007
12435,1200009
12445,1200008
12495,1200007
12505,1200008
12535,1200007
12545,1200008
12555,1200007
12565,1200008
12655,1200007
12665,1200008
12685,1200007
12695,1200009
12705,1200007
12715,1200008
12735,1200007
12745,1200008
12765,1200007
12775,1200008
12805,1200007
12815,1200008
12845,1200007
12855,1200008
12885,1200007
12905,1200009
12915,1200008
12925,1200007
12935,1200009
12945,1200008
12975,1200007
12985,1200008
13015,1200009
13025,1200008
13055,1200007
13065,1200008
13095,1200007
13105,1200008
13125,1200007
13135,1200009
13145,1200007
13155,1200008
13185,1200007
13195,1200008
13205,1200007
13215,1200008
13225,1200009
13235,1200007
13245,1200008
13255,1200007
13265,1200009
13275,1200008
13285,1200007
13295,1200008
13355,1200007
13365,1200008
13385,1200007
13395,1200008
13435,1200007
13445,1200009
13455,1200007
13465,1200008
13475,1200009
13485,1200008
13525,1200007
13535,1200008
13575,1200007
13585,1200008
13625,1200007
13635,1200008
13645,1200007
13655,1200008
13665,1200007
13675,1200008
13695,1200007
13705,1200009
13715,1200008
13725,1200007
13735,1200009
13745,1200008
13765,1200007
13775,1200008
13835,1200007
13856,1200009
13866,1200008
13876,1200007
13886,1200008
13896,1200009
13906,1200007
13916,1200008
13936,1200007
13946,1200008
14076,1200007
14086,1200008
14096,1200007
14106,1200008
14136,1200007
14146,1200008
14186,1200007
14196,1200009
14206,1200008
14226,1200007
14236,1200008
14246,1200009
14256,1200007
14266,1200008
14276,1200009
14286,1200007
14296,1200008
14316,1200007
14326,1200008
14346,1200007
14366,1200008
14416,1200007
14426,1200009
14436,1200008
14486,1200007
14496,1200008
14516,1200007
14526,1200008
14566,1200007
14576,1200008
14586,1200009
14596,1200008
14616,1200007
14626,1200008
14646,1200007
14656,1200008
14666,1200009
14676,1200007
14686,1200008
14696,1200009
14706,1200007
14716,1200008
14736,1200007
14746,1200009
14756,1200008
14806,1200007
14816,1200008
14856,1200007
14866,1200008
14966,1200007
14976,1200009
14986,1200008
14996,1200007
15006,1200008
15116,1200007
15126,1200009
15136,1200007
15146,1200008
15156,1200007
15166,1200009
15176,1200007
15186,1200008
15206,1200009
15216,1200007
15226,1200009
15236,1200008
15296,1200007
15306,1200008
15316,1200007
15326,1200008
15356,1200007
15366,1200009
15376,1200008
15476,1200007
15486,1200009
15496,1200007
15506,1200009
15516,1200007
15526,1200008
15586,1200007
15596,1200008
15667,1200007
15677,1200008
15717,1200007
15727,1200009
15737,1200008
15777,1200007
15787,1200008
15837,1200007
15847,1200008
15857,1200007
15867,1200009
15877,1200008
15917,1200007
15927,1200008
15937,1200007
15947,1200008
15987,1200007
15997,1200008
16017,1200007
16027,1200008
16057,1200007
16067,1200008
16077,1200007
16087,1200009
16097,1200008
16157,1200007
16167,1200008
16197,1200007
16207,1200008
16307,1200007
16317,1200008
16337,1200007
16347,1200008
16357,1200007
16367,1200008
16377,1200007
16387,1200008
16467,1200007
16477,1200008
16517,1200007
16527,1200008
16597,1200007
16607,1200008
16647,1200007
16657,1200008
16697,1200007
16707,1200008
16717,1200007
16727,1200009
16737,1200008
16747,1200007
16757,1200008
16787,1200009
16797,1200007
16807,1200008
16817,1200009
16827,1200008
16857,1200007
16867,1200008
16897,1200007
16907,1200008
16937,1200007
16947,1200008
16967,1200007
16977,1200008
16987,1200009
16997,1200007
17007,1200008
17027,1200007
17037,1200008
17097,1200007
17107,1200008
17117,1200007
17127,1200009
17137,1200008
17147,1200007
17157,1200009
17167,1200007
17177,1200008
17197,1200007
17207,1200009
17217,1200008
17277,1200007
17287,1200008
17297,1200007
17307,1200008
17317,1200007
17327,1200008
17387,1200007
17397,1200008
17447,1200007
17457,1200008
17487,1200007
17497,1200008
17527,1200007
17537,1200008
17577,1200007
17587,1200009
17597,1200008
17677,1200007
17687,1200008
17697,1200007
17707,1200008
17727,1200007
17737,1200008
17778,1200007
17788,1200009
17798,1200008
17828,1200007
17838,1200008
17848,1200009
17858,1200007
17868,1200008
17908,1200007
17918,1200009
17928,1200008
17968,1200007
17978,1200009
17988,1200008
18018,1200007
18028,1200008
18048,1200007
18058,1200008
18088,1200007
18098,1200008
18108,1200007
18118,1200009
18128,1200008
18148,1200007
18158,1200008
18178,1200007
18188,1200009
18198,1200008
18218,1200009
18228,1200008
18238,1200007
18248,1200008
18348,1200007
18358,1200009
18368,1200008
18378,1200007
18388,1200008
18418,1200007
18428,1200008
18468,1200007
18478,1200008
18488,1200007
18498,1200009
18508,1200007
18518,1200008
18678,1200007
18688,1200008
18708,1200009
18718,1200008
18848,1200007
18858,1200009
18868,1200008
18878,1200007
18888,1200008
18928,1200007
18938,1200009
18948,1200007
18958,1200009
18968,1200007
18978,1200008
19049,1200007
19059,1200008
19069,1200007
19079,1200008
19169,1200007
19179,1200008
19189,1200007
19199,1200008
19209,1200007
19219,1200009
19229,1200008
19369,1200007
19379,1200008
19409,1200007
19419,1200008
19449,1200007
19459,1200008
19559,1200009
19569,1200007
19579,1200008
19589,1200007
19599,1200009
19609,1200007
19619,1200008
19629,1200007
19639,1200008
19649,1200007
19659,1200008
19669,1200007
19679,1200008
19689,1200007
19699,1200008
19739,1200007
19749,1200008
19839,1200009
19849,1200007
19859,1200008
19869,1200009
19879,1200008
19949,1200007
19959,1200008
20009,1200007
20019,1200008
20029,1200007
20039,1200008
20059,1200009
20069,1200008
20079,1200007
20089,1200009
20099,1200007
20109,1200008
20129,1200007
20139,1200008
20149,1200007
20159,1200008
20169,1200007
20179,1200008
20209,1200007
20219,1200008
20249,1200009
20259,1200008
20309,1200007
20319,1200008
20389,1200009
20399,1200007
20409,1200008
20429,1200007
20439,1200008
20499,1200007
20509,1200009
20519,1200008
20539,1200007
20549,1200008
20569,1200009
20579,1200007
20589,1200008
20619,1200007
20629,1200008
20649,1200007
20659,1200008
20759,1200007
20769,1200009
20779,1200007
20789,1200008
20809,1200007
20819,1200009
20829,1200007
20839,1200008
20869,1200007
20879,1200008
20899,1200007
20909,1200008
20989,1200007
20999,1200008
21009,1200007
21019,1200008
21030,1200007
21040,1200008
21070,1200007
21080,1200008
21120,1200007
21130,1200008
21180,1200009
21190,1200008
21250,1200007
21260,1200008
21270,1200007
21280,1200009
21290,1200007
21300,1200009
21310,1200007
21320,1200008
21340,1200007
21350,1200008
21380,1200007
21390,1200008
21400,1200007
21410,1200008
21430,1200007
21440,1200008
21470,1200007
21480,1200008
21490,1200009
21500,1200008
21530,1200007
21540,1200008
21600,1200007
21610,1200008
21620,1200007
21630,1200008
21670,1200007
21680,1200008
21730,1200007
21750,1200008
21870,1200007
21880,1200008
21890,1200007
21900,1200008
21940,1200007
21950,1200009
21960,1200007
21970,1200008
21980,1200007
21990,1200008
22030,1200007
22040,1200008
22070,1200007
22080,1200008
22130,1200009
22140,1200008
22160,1200007
22170,1200008
22220,1200007
22230,1200008
22240,1200007
22250,1200008
22280,1200007
22290,1200009
22300,1200007
22310,1200008
22320,1200007
22330,1200008
22380,1200007
22390,1200009
22400,1200008
22440,1200007
22450,1200008
22470,1200007
22480,1200008
22520,1200007
22530,1200009
22540,1200007
22550,1200008
22610,1200009
22620,1200008
22640,1200007
22650,1200008
22670,1200007
22680,1200008
22741,1200007
22751,1200008
22861,1200007
22871,1200008
22901,1200007
22911,1200009
22921,1200008
22951,1200007
22971,1200008
23021,1200007
23031,1200008
23071,1200007
23081,1200008
23091,1200007
23101,1200008
23111,1200007
23121,1200008
23141,1200007
23151,1200008
23161,1200007
23171,1200008
23181,1200007
23191,1200008
23201,1200007
23211,1200008
23221,1200009
23231,1200008
23241,1200007
23251,1200008
23301,1200007
23311,1200009
23321,1200008
23341,1200007
23351,1200008
23381,1200007
23391,1200008
23421,1200007
23431,1200008
23561,1200007
23571,1200008
23581,1200007
23591,1200009
23601,1200007
23611,1200009
23621,1200007
23631,1200009
23641,1200007
23651,1200008
23751,1200007
23761,1200008
23811,1200009
23821,1200008
23831,1200007
23841,1200008
23851,1200007
23861,1200009
23871,1200007
23881,1200008
23931,1200007
23941,1200008
24051,1200007
24061,1200009
24071,1200007
24081,1200008
24121,1200007
24131,1200008
24221,1200007
24241,1200008
24271,1200007
24281,1200008
24301,1200007
24311,1200008
24391,1200007
24401,1200008
24501,1200007
24511,1200008
24551,1200007
24561,1200008
24571,1200007
24581,1200009
24591,1200008
24601,1200007
24611,1200008
24631,1200007
24641,1200008
24661,1200007
24671,1200009
24681,1200008
24692,1200007
24702,1200008
24732,1200007
24742,1200008
24752,1200007
24762,1200009
24772,1200008
24782,1200007
24792,1200008
24802,1200009
24812,1200007
24822,1200008
24872,1200007
24882,1200008
24912,1200007
24922,1200009
24932,1200008
24942,1200007
24952,1200008
24962,1200007
24972,1200009
24982,1200008
24992,1200007
25002,1200008
25012,1200007
25022,1200008
25052,1200007
25062,1200008
25112,1200007
25122,1200008
25252,1200007
25262,1200009
25272,1200008
25282,1200007
25292,1200008
25312,1200007
25322,1200008
25342,1200009
25352,1200008
25392,1200007
25402,1200008
25452,1200007
25472,1200008
25492,1200007
25502,1200009
25512,1200008
25522,1200007
25532,1200008
25542,1200007
25552,1200008
25572,1200007
25582,1200008
25642,1200007
25652,1200008
25722,1200007
25732,1200008
25752,1200009
25762,1200007
25772,1200008
25792,1200007
25802,1200008
25812,1200009
25822,1200007
25832,1200008
25912,1200007
25922,1200009
25932,1200007
25942,1200008
26032,1200007
26042,1200008
26052,1200007
26062,1200008
26152,1200007
26162,1200009
26172,1200007
26182,1200008
26232,1200007
26242,1200009
26252,1200006
26262,1200010
26272,1200007
26282,1200008
26292,1200007
26302,1200008
26533,1200007
26543,1200008
26573,1200007
26583,1200008
26693,1200007
26703,1200008
26743,1200007
26753,1200008
26833,1200007
26843,1200008
26893,1200007
26903,1200008
26993,1200007
27013,1200009
27023,1200008
27063,1200007
27073,1200008
27093,1200007
27103,1200008
27133,1200007
27143,1200009
27153,1200008
27253,1200007
27263,1200008
27353,1200007
27363,1200008
27433,1200007
27443,1200008
27463,1200007
27473,1200008
27503,1200007
27513,1200009
27523,1200007
27533,1200008
27673,1200007
27683,1200008
27773,1200007
27783,1200008
27823,1200007
27833,1200008
27883,1200007
27903,1200009
27913,1200008
27953,1200007
27963,1200009
27973,1200008
28013,1200007
28023,1200008
28033,1200007
28043,1200008
28063,1200007
28073,1200009
28083,1200007
28093,1200008
28123,1200007
28133,1200008
28173,1200007
28183,1200009
28193,1200008
28263,1200007
28273,1200008
28283,1200007
28293,1200008
28303,1200009
28313,1200008
28333,1200007
28343,1200008
28383,1200007
28393,1200008
28474,1200007
28484,1200008
28504,1200007
28514,1200008
28544,1200007
28554,1200008
28624,1200007
28634,1200008
28684,1200007
28694,1200008
28764,1200007
28774,1200009
28784,1200008
28814,1200007
28824,1200008
28864,1200007
28874,1200008
28974,1200007
28984,1200009
28994,1200008
29104,1200007
29114,1200008
29144,1200007
29154,1200008
29234,1200007
29244,1200008
29444,1200007
29454,1200008
29544,1200007
29554,1200008
29674,1200007
29684,1200008
29784,1200007
29794,1200008
29874,1200009
29884,1200008
29964,1200007
29974,1200008
30044,1200007
30054,1200008
30095,1200007
30105,1200008
30145,1200007
30155,1200009
30165,1200008
30325,1200007
30335,1200009
30345,1200007
30355,1200008
30395,1200007
30405,1200008
30445,1200007
30455,1200008
30525,1200007
30535,1200009
30545,1200008
30585,1200007
30595,1200008
30665,1200007
30675,1200008
30695,1200007
30705,1200008
30725,1200007
30735,1200008
30765,1200007
30775,1200008
30785,1200007
30795,1200008
30815,1200007
30825,1200008
30845,1200007
30855,1200008
30865,1200007
30875,1200008
30895,1200007
30905,1200008
30935,1200007
30945,1200008
30965,1200007
30975,1200008
30995,1200007
31015,1200009
31025,1200007
31035,1200008
31065,1200007
31075,1200008
31095,1200007
31105,1200008
31185,1200007
31195,1200009
31205,1200007
31215,1200008
31235,1200009
31245,1200007
31255,1200008
31265,1200007
31275,1200008
31305,1200007
31315,1200008
31415,1200007
31425,1200008
31625,1200007
31635,1200008
31675,1200007
31685,1200008
31725,1200007
31735,1200009
31745,1200007
31765,1200009
31775,1200008
31785,1200007
31795,1200008
31815,1200007
31825,1200008
31895,1200009
31905,1200008
31925,1200007
31935,1200008
31965,1200007
31975,1200008
32035,1200007
32045,1200008
32096,1200007
32106,1200008
32166,1200007
32176,1200008
32286,1200007
32296,1200008
32346,1200007
32356,1200008
32376,1200009
32386,1200008
32416,1200007
32426,1200008
32456,1200007
32466,1200009
32476,1200008
32486,1200007
32506,1200008
32546,1200007
32556,1200009
32566,1200007
32576,1200008
32586,1200007
32596,1200009
32606,1200007
32626,1200008
32666,1200007
32676,1200008
32766,1200007
32776,1200008
32806,1200009
32816,1200008
32836,1200007
32856,1200008
32896,1200007
32906,1200009
32916,1200007
32926,1200008
32996,1200007
33006,1200008
33026,1200007
33036,1200008
33046,1200009
33056,1200008
33076,1200007
33086,1200008
33106,1200007
33116,1200009
33126,1200007
33136,1200008
33146,1200007
33156,1200009
33166,1200008
33256,1200007
33266,1200008
33276,1200007
33286,1200009
33296,1200008
33316,1200007
33326,1200008
33336,1200007
33346,1200009
33356,1200007
33366,1200008
33396,1200007
33406,1200009
33416,1200007
33426,1200008
33456,1200007
33466,1200008
33496,1200007
33516,1200009
33526,1200008
33536,1200007
33546,1200008
33576,1200007
33586,1200008
33616,1200007
33626,1200009
33636,1200007
33646,1200008
33676,1200007
33686,1200009
33696,1200008
33777,1200007
33787,1200009
33797,1200007
33807,1200008
33837,1200007
33847,1200008
33917,1200007
33927,1200009
33937,1200007
33947,1200008
33957,1200007
33967,1200008
34057,1200007
34067,1200009
34077,1200008
34117,1200007
34127,1200008
34157,1200007
34167,1200008
34277,1200007
34287,1200009
34297,1200008
34327,1200007
34337,1200008
34417,1200007
34427,1200008
34477,1200007
34487,1200009
34497,1200007
34507,1200008
34547,1200007
34557,1200008
34647,1200007
34657,1200009
34667,1200008
34677,1200007
34687,1200008
34697,1200007
34707,1200008
34757,1200007
34767,1200008
34787,1200007
34797,1200008
34877,1200009
34887,1200007
34897,1200008
34907,1200007
34917,1200008
34947,1200007
34957,1200008
34967,1200007
34987,1200008
35017,1200009
35027,1200007
35037,1200008
35077,1200007
35087,1200009
35097,1200008
35107,1200007
35117,1200008
35137,1200007
35147,1200008
35167,1200009
35177,1200007
35187,1200009
35197,1200007
35207,1200008
35307,1200007
35317,1200008
35347,1200009
35357,1200008
35377,1200007
35387,1200008
35407,1200007
35417,1200008
35447,1200007
35457,1200009
35467,1200008
35477,1200007
35487,1200008
35507,1200007
35517,1200009
35527,1200007
35537,1200008
35607,1200007
35617,1200008
35637,1200007
35647,1200008
35677,1200009
35687,1200007
35697,1200008
35717,1200007
35727,1200008
35767,1200007
35777,1200008
35808,1200007
35818,1200008
35828,1200009
35838,1200007
35848,1200008
35868,1200007
35878,1200008
35918,1200007
35928,1200008
35968,1200007
35978,1200009
35988,1200007
35998,1200008
36028,1200007
36038,1200008
36068,1200007
36078,1200008
36108,1200007
36118,1200008
36168,1200007
36178,1200008
36198,1200009
36208,1200007
36218,1200009
36228,1200008
36238,1200007
36248,1200008
36278,1200007
36288,1200009
36298,1200007
36308,1200008
36338,1200007
36348,1200009
36358,1200008
36368,1200007
36378,1200008
36398,1200007
36408,1200008
36448,1200007
36458,1200009
36468,1200007
36478,1200008
36488,1200007
36498,1200008
36538,1200007
36548,1200008
36568,1200007
36578,1200008
36598,1200007
36608,1200008
36748,1200007
36758,1200008
36828,1200009
36838,1200007
36848,1200009
36858,1200007
36868,1200008
36878,1200009
36888,1200007
36898,1200008
36928,1200007
36938,1200009
36948,1200007
36958,1200009
36968,1200008
37028,1200007
37038,1200008
37068,1200007
37078,1200009
37088,1200007
37098,1200009
37108,1200008
37288,1200007
37298,1200009
37308,1200007
37318,1200008
37368,1200007
37378,1200009
37388,1200007
37399,1200008
37409,1200007
37419,1200009
37429,1200008
37459,1200009
37469,1200008
37489,1200007
37499,1200008
37509,1200007
37519,1200009
37529,1200008
37549,1200007
37559,1200009
37569,1200008
37589,1200007
37599,1200008
37669,1200007
37679,1200008
37699,1200007
37709,1200008
37729,1200007
37739,1200008
37759,1200007
37769,1200009
37779,1200007
37789,1200008
37809,1200007
37819,1200008
37849,1200007
37859,1200009
37869,1200008
37909,1200007
37919,1200008
37929,1200007
37939,1200009
37949,1200007
37959,1200008
38049,1200007
38059,1200008
38109,1200007
38119,1200008
38129,1200007
38139,1200008
38159,1200007
38169,1200009
38179,1200007
38189,1200008
38209,1200007
38219,1200008
38279,1200007
38289,1200008
38329,1200007
38339,1200008
38349,1200007
38359,1200008
38489,1200007
38499,1200008
38519,1200007
38529,1200008
38559,1200007
38579,1200008
38609,1200007
38619,1200008
38629,1200007
38639,1200008
38649,1200007
38659,1200008
38709,1200007
38719,1200008
38729,1200007
38739,1200008
38809,1200007
38819,1200008
38839,1200007
38849,1200008
38859,1200009
38869,1200008
38879,1200007
38889,1200008
38929,1200007
38939,1200008
38949,1200007
38959,1200008
38979,1200009
38989,1200008
39019,1200009
39029,1200007
39039,1200008
39049,1200009
39059,1200007
39069,1200008
39079,1200007
39089,1200008
39129,1200007
39139,1200008
39149,1200007
39159,1200008
39179,1200007
39189,1200008
39229,1200009
39239,1200007
39249,1200008
39279,1200007
39289,1200008
39319,1200009
39329,1200007
39339,1200008
39390,1200007
39400,1200008
39430,1200007
39440,1200008
39460,1200007
39470,1200008
39500,1200007
39510,1200008
39600,1200007
39610,1200009
39620,1200007
39630,1200008
39670,1200007
39680,1200009
39690,1200007
39700,1200008
39720,1200007
39730,1200008
39790,1200007
39800,1200008
39820,1200007
39830,1200009
39840,1200008
39890,1200007
39900,1200009
39910,1200007
39920,1200008
39930,1200007
39940,1200008
39990,1200007
40010,1200009
40020,1200007
40030,1200008
40050,1200007
40060,1200008
40090,1200007
40100,1200008
40120,1200009
40130,1200008
40190,1200007
40200,1200008
40280,1200007
40290,1200008
40300,1200009
40310,1200007
40320,1200008
40340,1200009
40350,1200008
40360,1200007
40370,1200008
40440,1200007
40450,1200008
40460,1200009
40470,1200007
40480,1200009
40490,1200008
40500,1200007
40510,1200008
40540,1200007
40550,1200008
40560,1200007
40570,1200008
40580,1200007
40590,1200009
40600,1200007
40610,1200008
40630,1200007
40640,1200008
40660,1200007
40670,1200008
40680,1200007
40690,1200008
40720,1200007
40730,1200008
40740,1200007
40750,1200009
40760,1200007
40770,1200009
40780,1200007
40790,1200009
40800,1200007
40810,1200008
40820,1200007
40830,1200009
40840,1200007
40850,1200009
40860,1200007
40870,1200008
40920,1200007
40930,1200008
40961,1200009
40971,1200008
40981,1200007
40991,1200008
41021,1200007
41031,1200009
41041,1200007
41051,1200009
41061,1200007
41071,1200008
41161,1200007
41171,1200008
41211,1200007
41221,1200008
41261,1200007
41271,1200009
41281,1200007
41291,1200008
41321,1200007
41331,1200009
41341,1200008
41361,1200007
41371,1200009
41381,1200008
41401,1200007
41411,1200008
41441,1200007
41451,1200008
41461,1200007
41471,1200008
41511,1200007
41531,1200009
41541,1200008
41711,1200007
41721,1200008
41761,1200007
41771,1200009
41781,1200008
41791,1200007
41801,1200008
41821,1200007
41831,1200009
41841,1200008
41901,1200007
41911,1200008
41941,1200007
41951,1200009
41961,1200008
42101,1200007
42111,1200008
42141,1200007
42151,1200009
42161,1200007
42171,1200009
42181,1200007
42191,1200008
42201,1200007
42211,1200008
42261,1200009
42271,1200008
42301,1200007
42311,1200008
42351,1200009
42361,1200008
42371,1200007
42381,1200008
42461,1200007
42471,1200008
42481,1200007
42491,1200008
42501,1200007
42511,1200008
42601,1200007
42611,1200008
42651,1200007
42661,1200008
42731,1200007
42741,1200008
42781,1200009
42791,1200007
42801,1200008
42851,1200007
42861,1200008
42962,1200007
42972,1200008
43012,1200007
43022,1200009
43032,1200008
43042,1200007
43052,1200008
43062,1200007
43072,1200008
43082,1200007
43092,1200008
43102,1200007
43112,1200009
43122,1200007
43132,1200008
43202,1200009
43212,1200008
43242,1200009
43252,1200008
43282,1200007
43292,1200009
43302,1200007
43312,1200008
43322,1200009
43332,1200008
43362,1200007
43372,1200008
43452,1200009
43462,1200007
43472,1200009
43482,1200007
43492,1200008
43552,1200007
43562,1200008
43602,1200007
43612,1200008
43632,1200007
43642,1200008
43652,1200007
43662,1200008
43712,1200007
43722,1200008
43752,1200007
43762,1200008
43862,1200007
43872,1200008
43882,1200007
43892,1200008
43942,1200007
43952,1200009
43962,1200008
43972,1200007
43982,1200008
44012,1200007
44022,1200008
44052,1200007
44062,1200008
44082,1200007
44092,1200008
44172,1200007
44182,1200008
44292,1200007
44302,1200008
44352,1200007
44362,1200008
44372,1200007
44382,1200008
44412,1200007
44422,1200008
44442,1200007
44452,1200008
44533,1200007
44543,1200008
44573,1200007
44583,1200008
44603,1200007
44613,1200008
44623,1200007
44633,1200008
44713,1200007
44723,1200009
44733,1200007
44743,1200008
44753,1200007
44763,1200008
44813,1200007
44823,1200008
44833,1200007
44843,1200009
44853,1200008
44913,1200007
44923,1200008
44983,1200007
44993,1200008
45013,1200007
45023,1200008
45053,1200007
45063,1200009
45073,1200008
45113,1200007
45123,1200008
45133,1200007
45143,1200008
45153,1200007
45163,1200008
45193,1200007
45203,1200008
45233,1200007
45243,1200009
45253,1200008
45293,1200007
45303,1200008
45313,1200007
45323,1200008
45333,1200009
45343,1200008
45353,1200007
45363,1200008
45423,1200007
45433,1200008
45443,1200007
45453,1200008
45493,1200007
45503,1200009
45513,1200007
45533,1200008
45543,1200007
45553,1200008
45563,1200007
45573,1200009
45583,1200007
45593,1200008
45613,1200007
45623,1200009
45633,1200008
45643,1200007
45653,1200008
45703,1200007
45713,1200008
45733,1200007
45743,1200008
45763,1200007
45773,1200009
45783,1200008
45813,1200007
45823,1200008
45993,1200007
46003,1200008
46103,1200007
46113,1200009
46123,1200008
46143,1200007
46153,1200008
46183,1200007
46193,1200008
46243,1200007
46253,1200008
46273,1200009
46283,1200007
46293,1200008
46313,1200007
46323,1200008
46373,1200007
46383,1200008
46403,1200007
46413,1200009
46423,1200008
46453,1200007
46473,1200008
46493,1200009
46503,1200007
46513,1200008
46533,1200007
46553,1200009
46563,1200008
46594,1200007
46604,1200009
46614,1200007
46624,1200008
46634,1200009
46644,1200008
46714,1200007
46724,1200008
46744,1200007
46754,1200008
46774,1200007
46794,1200009
46804,1200007
46814,1200008
46854,1200007
46864,1200008
46914,1200007
46924,1200008
46944,1200007
46954,1200009
46964,1200008
46974,1200007
46984,1200008
46994,1200007
47004,1200008
47014,1200007
47024,1200008
47124,1200009
47134,1200007
47144,1200008
47174,1200007
47184,1200008
47204,1200007
47214,1200008
47234,1200007
47244,1200008
47284,1200007
47294,1200008
47314,1200007
47324,1200008
47414,1200007
47424,1200008
47454,1200007
47464,1200008
47474,1200009
47484,1200007
47494,1200008
47504,1200007
47514,1200008
47554,1200007
47564,1200008
47584,1200007
47594,1200008
47664,1200007
47674,1200008
47724,1200007
47734,1200009
47744,1200007
47754,1200008
47804,1200007
47814,1200008
47824,1200007
47834,1200008
47844,1200007
47854,1200009
47864,1200007
47874,1200009
47884,1200007
47894,1200009
47904,1200007
47914,1200008
47944,1200007
47954,1200008
48005,1200007
48015,1200008
48045,1200007
48055,1200008
48105,1200007
48115,1200009
48125,1200008
48165,1200007
48175,1200008
48285,1200006
48295,1200010
48305,1200007
48315,1200008
48395,1200007
48405,1200009
48415,1200008
48425,1200007
48435,1200008
48455,1200007
48465,1200008
48495,1200007
48505,1200009
48515,1200008
48525,1200007
48535,1200008
48565,1200007
48575,1200008
48595,1200007
48605,1200008
48715,1200007
48725,1200008
48795,1200007
48805,1200008
48895,1200007
48905,1200008
48925,1200007
48935,1200008
48955,1200007
48965,1200009
48975,1200007
48985,1200009
48995,1200007
49005,1200008
49015,1200009
49025,1200007
49035,1200009
49045,1200007
49055,1200008
49075,1200007
49085,1200008
49105,1200007
49115,1200008
49165,1200007
49175,1200008
49225,1200007
49235,1200008
49285,1200007
49295,1200008
49305,1200007
49315,1200009
49325,1200008
49335,1200007
49345,1200008
49375,1200007
49385,1200008
49435,1200007
49445,1200008
49505,1200007
49515,1200009
49525,1200008
49535,1200007
49545,1200008
49575,1200007
49585,1200008
49635,1200007
49645,1200009
49655,1200007
49665,1200008
49695,1200009
49705,1200007
49715,1200008
49725,1200009
49735,1200007
49745,1200009
49755,1200007
49765,1200008
49805,1200007
49815,1200009
49825,1200007
49835,1200008
49845,1200009
49855,1200007
49865,1200008
49895,1200007
49905,1200008
49955,1200007
49965,1200009
49975,1200008
50046,1200007
50056,1200009
50066,1200008
50076,1200007
50086,1200009
50096,1200008
50146,1200007
50156,1200008
50196,1200007
50206,1200008
50216,1200007
50226,1200008
50236,1200009
50246,1200008
50286,1200007
50296,1200008
50336,1200007
50346,1200008
50426,1200007
50436,1200008
50456,1200007
50466,1200008
50506,1200007
50516,1200008
50526,1200007
50536,1200008
50566,1200009
50576,1200007
50586,1200009
50596,1200007
50616,1200008
50646,1200007
50656,1200008
50666,1200007
50676,1200008
50686,1200007
50696,1200008
50706,1200007
50716,1200008
50756,1200007
50766,1200008
50846,1200009
50856,1200008
50876,1200007
50886,1200008
50896,1200007
50906,1200008
50916,1200009
50926,1200007
50936,1200008
51036,1200007
51046,1200009
51056,1200008
51066,1200007
51076,1200008
51086,1200007
51096,1200008
51176,1200007
51186,1200008
51226,1200007
51236,1200009
51246,1200008
51276,1200007
51286,1200008
51326,1200009
51336,1200007
51346,1200008
51456,1200007
51466,1200008
51476,1200007
51486,1200008
51496,1200007
51506,1200009
51516,1200007
51526,1200009
51536,1200008
51546,1200007
51556,1200008
51576,1200007
51586,1200008
51656,1200007
51666,1200008
51716,1200007
51726,1200008
51776,1200007
51786,1200008
51796,1200007
51806,1200008
51826,1200007
51836,1200008
51846,1200007
51866,1200008
51927,1200007
51947,1200008
52017,1200007
52027,1200008
52057,1200007
52067,1200008
52077,1200007
52087,1200009
52097,1200007
52107,1200009
52117,1200008
52137,1200007
52147,1200008
52317,1200007
52327,1200008
52357,1200007
52367,1200008
52417,1200007
52427,1200008
52607,1200007
52617,1200008
52667,1200007
52677,1200008
52717,1200007
52727,1200008
52737,1200007
52747,1200008
52817,1200007
52827,1200008
52837,1200007
52847,1200008
52857,1200009
52867,1200008
52887,1200009
52897,1200008
52907,1200007
52917,1200008
52967,1200007
52977,1200008
53027,1200007
53037,1200008
53127,1200009
53137,1200007
53147,1200008
53177,1200007
53187,1200009
53197,1200008
53217,1200007
53227,1200008
53237,1200009
53247,1200008
53287,1200007
53297,1200008
53317,1200007
53327,1200008
53367,1200009
53377,1200008
53387,1200007
53397,1200008
53427,1200007
53437,1200008
53517,1200007
53527,1200008
53547,1200007
53557,1200009
53567,1200008
53577,1200007
53587,1200009
53597,1200007
53607,1200008
53637,1200007
53647,1200008
53697,1200007
53707,1200008
53757,1200007
53767,1200008
53777,1200007
53787,1200008
53797,1200007
53807,1200008
53837,1200007
53847,1200008
53857,1200009
53867,1200007
53877,1200008
53937,1200007
53947,1200008
53957,1200009
53968,1200008
54018,1200007
54038,1200008
54048,1200009
54058,1200007
54068,1200008
54098,1200007
54108,1200008
54118,1200009
54128,1200008
54198,1200007
54208,1200008
54218,1200007
54228,1200008
54248,1200007
54258,1200008
54278,1200009
54288,1200008
54298,1200007
54308,1200009
54318,1200007
54328,1200008
54338,1200007
54348,1200008
54368,1200009
54378,1200008
54398,1200007
54408,1200009
54418,1200007
54428,1200009
54438,1200007
54448,1200008
54458,1200007
54468,1200008
54478,1200009
54488,1200008
54498,1200007
54508,1200008
54538,1200007
54548,1200008
54568,1200007
54578,1200008
54688,1200007
54698,1200008
54708,1200007
54718,1200008
54808,1200007
54818,1200008
54858,1200007
54868,1200008
54908,1200007
54918,1200008
54938,1200007
54948,1200008
54968,1200007
54978,1200008
55008,1200006
55018,1200009
55028,1200008
55048,1200009
55058,1200008
55088,1200007
55098,1200008
55108,1200007
55118,1200008
55208,1200007
55218,1200009
55228,1200007
55238,1200008
55268,1200007
55278,1200008
55308,1200007
55318,1200009
55328,1200007
55338,1200008
55368,1200007
55378,1200008
55449,1200007
55459,1200008
55489,1200007
55499,1200009
55509,1200008
55549,1200007
55559,1200008
55609,1200007
55619,1200009
55629,1200007
55639,1200009
55649,1200007
55659,1200008
55729,1200007
55739,1200009
55749,1200007
55759,1200009
55769,1200007
55779,1200008
55789,1200007
55799,1200009
55809,1200007
55829,1200008
55849,1200007
55859,1200008
55869,1200007
55879,1200008
55889,1200007
55899,1200009
55909,1200008
55919,1200007
55929,1200008
55949,1200007
55959,1200008
56009,1200007
56019,1200008
56059,1200009
56069,1200008
56079,1200007
56089,1200008
56099,1200007
56109,1200008
56129,1200007
56139,1200008
56169,1200007
56179,1200009
56189,1200007
56199,1200008
56209,1200007
56219,1200009
56229,1200007
56239,1200008
56309,1200007
56319,1200008
56349,1200007
56359,1200008
56389,1200007
56399,1200008
56459,1200007
56469,1200008
56479,1200007
56489,1200008
56529,1200007
56539,1200008
56559,1200007
56569,1200008
56589,1200007
56599,1200009
56609,1200007
56619,1200008
56639,1200009
56649,1200007
56659,1200008
56669,1200009
56679,1200008
56729,1200007
56739,1200008
56779,1200007
56789,1200008
56819,1200007
56829,1200008
56839,1200009
56849,1200007
56859,1200009
56869,1200007
56879,1200009
56889,1200008
56909,1200009
56919,1200007
56929,1200009
56939,1200008
57009,1200007
57019,1200009
57029,1200007
57039,1200008
57099,1200009
57109,1200008
57129,1200007
57139,1200008
57179,1200007
57189,1200008
57249,1200009
57259,1200007
57269,1200008
57279,1200009
57289,1200007
57299,1200009
57309,1200007
57319,1200008
57339,1200007
57349,1200009
57359,1200007
57369,1200008
57389,1200007
57399,1200009
57409,1200007
57419,1200008
57439,1200007
57449,1200008
57470,1200007
57480,1200008
57510,1200007
57520,1200008
57530,1200007
57540,1200008
57590,1200007
57600,1200008
57620,1200007
57630,1200008
57680,1200007
57690,1200008
57760,1200007
57770,1200008
57790,1200007
57800,1200008
57810,1200007
57820,1200008
57840,1200007
57850,1200008
57860,1200007
57870,1200008
57880,1200009
57890,1200007
57900,1200008
57980,1200007
57990,1200009
58000,1200008
58030,1200007
58040,1200008
58060,1200007
58070,1200008
58090,1200009
58100,1200007
58110,1200008
58130,1200007
58140,1200008
58240,1200007
58250,1200009
58260,1200008
58300,1200007
58310,1200008
58330,1200007
58340,1200008
58360,1200007
58370,1200009
58380,1200008
58420,1200007
58440,1200009
58450,1200007
58470,1200009
58480,1200008
58530,1200007
58540,1200008
58550,1200007
58560,1200009
58570,1200007
58580,1200008
58620,1200007
58630,1200009
58640,1200007
58650,1200008
58680,1200007
58690,1200008
58800,1200007
58810,1200009
58820,1200008
58840,1200007
58850,1200008
58860,1200007
58870,1200008
58900,1200007
58910,1200008
58980,1200007
58990,1200009
59000,1200008
59020,1200007
59030,1200009
59040,1200008
59080,1200007
59090,1200009
59100,1200007
59110,1200008
59120,1200007
59130,1200009
59140,1200008
59180,1200007
59190,1200009
59200,1200007
59210,1200008
59221,1200007
59231,1200008
59251,1200007
59261,1200008
59281,1200007
59291,1200008
59301,1200007
59311,1200009
59321,1200007
59331,1200008
59341,1200007
59351,1200008
59381,1200007
59391,1200009
59401,1200008
59451,1200009
59461,1200007
59471,1200008
59481,1200007
59491,1200009
59501,1200008
59591,1200007
59601,1200009
59611,1200008
59641,1200007
59651,1200009
59661,1200008
59691,1200007
59701,1200008
59731,1200007
59741,1200008
59751,1200009
59761,1200007
59771,1200008
59781,1200007
59791,1200009
59801,1200007
59811,1200009
59821,1200008
59841,1200007
59851,1200009
59861,1200007
59871,1200008
59901,1200007
59911,1200009
59921,1200007
59931,1200008
60001,1200007
60011,1200008
60081,1200007
60091,1200008
60111,1200007
60121,1200008
60131,1200007
60141,1200008
60201,1200007
60211,1200008
60241,1200007
60251,1200008
60371,1200007
60381,1200008
60431,1200007
60441,1200008
60451,1200007
60471,1200008
60491,1200007
60501,1200008
60551,1200007
60561,1200008
60591,1200007
60601,1200008
60611,1200007
60621,1200008
60631,1200009
60641,1200007
60651,1200008
60711,1200007
60721,1200008
60751,1200007
60761,1200008
60771,1200007
60781,1200008
60811,1200007
60821,1200008
60831,1200009
60841,1200007
60861,1200009
60871,1200007
60881,1200008
60891,1200007
60901,1200009
60911,1200007
60921,1200009
60931,1200007
60941,1200008
61011,1200007
61021,1200009
61031,1200008
61041,1200007
61051,1200008
61071,1200007
61081,1200009
61091,1200007
61101,1200008
61151,1200009
61161,1200007
61171,1200009
61181,1200008
61242,1200007
61252,1200008
61262,1200007
61272,1200008
61292,1200007
61302,1200008
61372,1200007
61382,1200008
61402,1200007
61412,1200008
61532,1200007
61542,1200009
61552,1200007
61562,1200008
61632,1200007
61642,1200008
61652,1200007
61662,1200008
61742,1200009
61752,1200008
61762,1200007
61772,1200008
61792,1200007
61802,1200008
61872,1200007
61882,1200008
61932,1200007
61942,1200008
61952,1200009
61962,1200007
61972,1200009
61982,1200007
61992,1200008
62002,1200007
62012,1200008
62022,1200009
62032,1200007
62042,1200008
62122,1200007
62132,1200009
62142,1200008
62192,1200007
62202,1200008
62232,1200007
62242,1200008
62262,1200007
62272,1200008
62292,1200007
62302,1200009
62312,1200007
62322,1200008
62392,1200007
62402,1200008
62432,1200007
62442,1200008
62512,1200007
62522,1200009
62532,1200008
62552,1200007
62562,1200009
62572,1200007
62582,1200008
62632,1200007
62642,1200009
62652,1200008
62682,1200007
62692,1200008
62712,1200007
62722,1200009
62732,1200008
62792,1200007
62802,1200009
62812,1200007
62822,1200008
62852,1200007
62862,1200008
62882,1200007
62892,1200008
62902,1200009
62912,1200007
62922,1200008
62932,1200007
62942,1200009
62952,1200007
62962,1200009
62972,1200008
62992,1200007
63002,1200008
63012,1200007
63023,1200008
63053,1200007
63063,1200008
63073,1200007
63083,1200008
63093,1200007
63103,1200008
63133,1200007
63143,1200008
63153,1200007
63163,1200008
63173,1200007
63183,1200009
63193,1200008
63213,1200007
63223,1200009
63233,1200008
63243,1200007
63253,1200008
63293,1200007
63303,1200008
63313,1200007
63323,1200008
63373,1200007
63383,1200008
63403,1200007
63413,1200008
63433,1200007
63443,1200008
63553,1200007
63563,1200009
63573,1200007
63583,1200008
63593,1200007
63613,1200008
63663,1200007
63673,1200008
63683,1200009
63693,1200008
63713,1200007
63723,1200008
63743,1200009
63753,1200008
63793,1200007
63803,1200008
63813,1200007
63823,1200008
63863,1200007
63873,1200008
63893,1200007
63903,1200008
63913,1200007
63923,1200008
63943,1200009
63953,1200008
63973,1200007
63983,1200008
64013,1200007
64023,1200008
64033,1200009
64043,1200007
64053,1200008
64113,1200007
64123,1200008
64133,1200007
64143,1200008
64203,1200007
64213,1200008
64243,1200009
64253,1200007
64263,1200008
64273,1200007
64283,1200009
64293,1200007
64303,1200008
64323,1200007
64343,1200008
64363,1200007
64373,1200009
64383,1200007
64393,1200008
64473,1200007
64483,1200008
64553,1200007
64563,1200008
64593,1200007
64603,1200009
64613,1200007
64623,1200008
64643,1200009
64653,1200008
64663,1200007
64673,1200008
64693,1200007
64703,1200008
64743,1200007
64753,1200008
64773,1200007
64783,1200008
64823,1200007
64833,1200009
64843,1200007
64863,1200008
64923,1200007
64933,1200008
64993,1200007
65003,1200008
65033,1200007
65043,1200009
65053,1200007
65063,1200009
65073,1200008
65094,1200007
65104,1200008
65124,1200009
65134,1200007
65144,1200008
65194,1200007
65204,1200008
65214,1200009
65224,1200007
65234,1200008
65254,1200007
65264,1200009
65274,1200008
65284,1200007
65294,1200008
65314,1200007
65324,1200008
65354,1200007
65364,1200008
65374,1200009
65384,1200007
65394,1200008
65474,1200007
65484,1200008
65494,1200007
65504,1200008
65524,1200007
65534,1200008
65604,1200007
65614,1200008
65644,1200007
65654,1200008
65664,1200007
65674,1200008
65704,1200007
65714,1200008
65724,1200009
65734,1200008
65744,1200007
65754,1200008
65824,1200007
65834,1200009
65844,1200007
65854,1200008
65874,1200009
65884,1200008
65894,1200007
65904,1200008
65924,1200007
65934,1200009
65944,1200007
65954,1200008
65964,1200007
65974,1200008
65984,1200007
65994,1200008
66114,1200007
66124,1200008
66144,1200007
66154,1200008
66164,1200007
66174,1200009
66184,1200008
66204,1200007
66214,1200008
66224,1200007
66234,1200009
66244,1200007
66254,1200009
66264,1200007
66274,1200009
66284,1200008
66324,1200007
66334,1200008
66344,1200007
66354,1200008
66404,1200007
66414,1200009
66424,1200007
66434,1200008
66464,1200007
66474,1200008
66484,1200007
66494,1200008
66504,1200007
66514,1200009
66524,1200008
66564,1200007
66574,1200009
66584,1200007
66594,1200008
66624,1200007
66634,1200008
66664,1200007
66674,1200008
66765,1200007
66775,1200008
66805,1200007
66815,1200008
66835,1200009
66845,1200007
66855,1200009
66865,1200007
66875,1200008
66905,1200007
66915,1200009
66925,1200008
66945,1200007
66955,1200008
67005,1200007
67015,1200008
67025,1200007
67035,1200008
67245,1200007
67255,1200009
67265,1200007
67275,1200008
67285,1200007
67295,1200008
67315,1200009
67325,1200008
67345,1200007
67355,1200009
67365,1200007
67375,1200008
67405,1200007
67415,1200008
67445,1200007
67455,1200008
67485,1200007
67495,1200009
67505,1200008
67525,1200007
67535,1200008
67545,1200007
67555,1200009
67565,1200007
67575,1200008
67715,1200007
67725,1200008
67745,1200007
67755,1200008
67825,1200007
67835,1200009
67845,1200007
67855,1200009
67865,1200007
67875,1200008
67895,1200007
67905,1200008
67925,1200007
67935,1200008
67955,1200007
67965,1200008
67975,1200009
67985,1200007
67995,1200008
68015,1200007
68025,1200009
68035,1200007
68045,1200008
